Label;Name;PATH
1;ron;base/1.jpg
1;ron;base/2.jpg
1;ron;base/3.jpg
1;ron;base/4.jpg
1;ron;base/5.jpg
1;ron;base/6.jpg
1;ron;base/7.jpg
1;ron;base/8.jpg
1;ron;base/9.jpg
1;ron;base/10.jpg
1;ron;base/11.jpg
1;ron;base/12.jpg
1;ron;base/13.jpg
1;ron;base/14.jpg
1;ron;base/15.jpg
1;ron;base/16.jpg
1;ron;base/17.jpg
1;ron;base/18.jpg
1;ron;base/19.jpg
1;ron;base/20.jpg
1;ron;base/21.jpg
1;ron;base/22.jpg
1;ron;base/23.jpg
1;ron;base/24.jpg
1;ron;base/25.jpg
1;ron;base/26.jpg
1;ron;base/27.jpg
1;ron;base/28.jpg
1;ron;base/29.jpg
1;ron;base/30.jpg
1;ron;base/31.jpg
1;ron;base/32.jpg
1;ron;base/33.jpg
1;ron;base/34.jpg
1;ron;base/35.jpg
1;ron;base/36.jpg
1;ron;base/37.jpg
1;ron;base/38.jpg
1;ron;base/39.jpg
1;ron;base/40.jpg
1;ron;base/41.jpg
1;ron;base/42.jpg
1;ron;base/43.jpg
1;ron;base/44.jpg
1;ron;base/45.jpg
1;ron;base/46.jpg
1;ron;base/47.jpg
1;ron;base/48.jpg
1;ron;base/49.jpg
1;ron;base/50.jpg
1;ron;base/51.jpg
1;ron;base/52.jpg
1;ron;base/53.jpg
1;ron;base/54.jpg
1;ron;base/55.jpg
1;ron;base/56.jpg
1;ron;base/57.jpg
1;ron;base/58.jpg
1;ron;base/59.jpg
1;ron;base/60.jpg
1;ron;base/61.jpg
1;ron;base/62.jpg
1;ron;base/63.jpg
1;ron;base/64.jpg
1;ron;base/65.jpg
1;ron;base/66.jpg
1;ron;base/67.jpg
1;ron;base/68.jpg
1;ron;base/69.jpg
1;ron;base/70.jpg
1;ron;base/71.jpg
1;ron;base/72.jpg
1;ron;base/73.jpg
1;ron;base/74.jpg
1;ron;base/75.jpg
1;ron;base/76.jpg
1;ron;base/77.jpg
1;ron;base/78.jpg
1;ron;base/79.jpg
1;ron;base/80.jpg
1;ron;base/81.jpg
1;ron;base/82.jpg
1;ron;base/83.jpg
1;ron;base/84.jpg
1;ron;base/85.jpg
1;ron;base/86.jpg
1;ron;base/87.jpg
1;ron;base/88.jpg
1;ron;base/89.jpg
1;ron;base/90.jpg
1;ron;base/91.jpg
1;ron;base/92.jpg
1;ron;base/93.jpg
1;ron;base/94.jpg
1;ron;base/95.jpg
1;ron;base/96.jpg
1;ron;base/97.jpg
1;ron;base/98.jpg
1;ron;base/99.jpg
1;ron;base/100.jpg
1;ron;base/101.jpg
1;ron;base/102.jpg
1;ron;base/103.jpg
1;ron;base/104.jpg
1;ron;base/105.jpg
1;ron;base/106.jpg
1;ron;base/107.jpg
1;ron;base/108.jpg
1;ron;base/109.jpg
1;ron;base/110.jpg
1;ron;base/111.jpg
1;ron;base/112.jpg
1;ron;base/113.jpg
1;ron;base/114.jpg
1;ron;base/115.jpg
1;ron;base/116.jpg
1;ron;base/117.jpg
1;ron;base/118.jpg
1;ron;base/119.jpg
1;ron;base/120.jpg
1;ron;base/121.jpg
1;ron;base/122.jpg
1;ron;base/123.jpg
1;ron;base/124.jpg
1;ron;base/125.jpg
1;ron;base/126.jpg
1;ron;base/127.jpg
1;ron;base/128.jpg
1;ron;base/129.jpg
1;ron;base/130.jpg
1;ron;base/131.jpg
1;ron;base/132.jpg
1;ron;base/133.jpg
1;ron;base/134.jpg
1;ron;base/135.jpg
1;ron;base/136.jpg
1;ron;base/137.jpg
1;ron;base/138.jpg
1;ron;base/139.jpg
1;ron;base/140.jpg
1;ron;base/141.jpg
1;ron;base/142.jpg
1;ron;base/143.jpg
1;ron;base/144.jpg
1;ron;base/145.jpg
1;ron;base/146.jpg
1;ron;base/147.jpg
1;ron;base/148.jpg
1;ron;base/149.jpg
1;ron;base/150.jpg
1;ron;base/151.jpg
1;ron;base/152.jpg
1;ron;base/153.jpg
1;ron;base/154.jpg
1;ron;base/155.jpg
1;ron;base/156.jpg
1;ron;base/157.jpg
1;ron;base/158.jpg
1;ron;base/159.jpg
1;ron;base/160.jpg
1;ron;base/161.jpg
1;ron;base/162.jpg
1;ron;base/163.jpg
1;ron;base/164.jpg
1;ron;base/165.jpg
1;ron;base/166.jpg
1;ron;base/167.jpg
1;ron;base/168.jpg
1;ron;base/169.jpg
1;ron;base/170.jpg
1;ron;base/171.jpg
1;ron;base/172.jpg
1;ron;base/173.jpg
1;ron;base/174.jpg
1;ron;base/175.jpg
1;ron;base/176.jpg
1;ron;base/177.jpg
1;ron;base/178.jpg
1;ron;base/179.jpg
1;ron;base/180.jpg
1;ron;base/181.jpg
1;ron;base/182.jpg
1;ron;base/183.jpg
1;ron;base/184.jpg
1;ron;base/185.jpg
1;ron;base/186.jpg
1;ron;base/187.jpg
1;ron;base/188.jpg
1;ron;base/189.jpg
1;ron;base/190.jpg
1;ron;base/191.jpg
1;ron;base/192.jpg
1;ron;base/193.jpg
1;ron;base/194.jpg
1;ron;base/195.jpg
1;ron;base/196.jpg
1;ron;base/197.jpg
1;ron;base/198.jpg
1;ron;base/199.jpg
1;ron;base/200.jpg
1;ron;base/201.jpg
1;ron;base/202.jpg
1;ron;base/203.jpg
1;ron;base/204.jpg
1;ron;base/205.jpg
1;ron;base/206.jpg
1;ron;base/207.jpg
1;ron;base/208.jpg
1;ron;base/209.jpg
1;ron;base/210.jpg
1;ron;base/211.jpg
1;ron;base/212.jpg
1;ron;base/213.jpg
1;ron;base/214.jpg
1;ron;base/215.jpg
1;ron;base/216.jpg
1;ron;base/217.jpg
1;ron;base/218.jpg
1;ron;base/219.jpg
1;ron;base/220.jpg
1;ron;base/221.jpg
1;ron;base/222.jpg
1;ron;base/223.jpg
1;ron;base/224.jpg
1;ron;base/225.jpg
1;ron;base/226.jpg
1;ron;base/227.jpg
1;ron;base/228.jpg
1;ron;base/229.jpg
1;ron;base/230.jpg
1;ron;base/231.jpg
1;ron;base/232.jpg
1;ron;base/233.jpg
1;ron;base/234.jpg
1;ron;base/235.jpg
1;ron;base/236.jpg
1;ron;base/237.jpg
1;ron;base/238.jpg
1;ron;base/239.jpg
1;ron;base/240.jpg
1;ron;base/241.jpg
1;ron;base/242.jpg
1;ron;base/243.jpg